No.,Use Case,Description,Raised By,FD Owner,Impact,Priority,Current Status,Mitigation Plan,Notes
Dep1,All Components,RULE-002 (Priority Book / VIP default sort order) pending confirmation — likely alphabetical by name; Andy to confirm. RULE-001 confirmed for MVP. RULE-003 scoped to Player Awareness only (not a universal gate),Ren / IS Leads,Andy Geissler,2,2,Open,Awaiting Andy confirmation on VIP default sort order,RULE-001 CONFIRMED: qualifying last contact = Activities logged (email / call / SMS excl. campaign emails). RULE-003 isolated to Player Awareness — see Dep14
Dep2,VIP Playbook,Overview tab metric set confirmation — 4 cards (VIPs in Portfolio / Active VIP Players L7 / Promotions 30d / Demotions 30d) pending Andy's sign-off including Active VIP Players Asset field source,Ren,Andy Geissler,2,2,Open,,Promotions and Demotions also blocked on tier change history source (Dep10)
Dep3,VIP Playbook,Last Bonus Issued field names — Bonus Bet Credit as the source confirmed 10/07; exact API field names pending data mapping sheet,Ren,Thomas / Clay,2,2,Open,Waiting on data mapping sheet (due Oct 9),Shared dependency with NBA Queue and Campaign Manager
Dep4,VIP Playbook,Overbonused flag — Asset Bonus Bank 30-day field confirmed for SBK; Casino/DFS/Racing gap unresolved — those VIPs never show the flag until Commercial populates the field,Ren,Andy Geissler / Commercial,2,2,Open,,Sportsbook-only acceptable for MVP per 10/07 decision; other segments open
Dep5,NBA Queue,Big Loss rolling window length — $100K threshold confirmed but rolling window (per session / per day / rolling period) still open. Blocks Big Loss trigger logic,Ren,Andy Geissler,3,1,Open,,Shared with Player Awareness Big Swings tab
Dep6,NBA Queue,NBA launch strategy — which of the 4 strategies (No Contact / CS Alert / Big Loss / Bonus Opp) launch together and in what order per data readiness,Ren,Andy Geissler,2,2,Open,,No Contact is confirmed inclusion; Andy to rank others by data readiness
Dep7,NBA Queue,Day-1 No Contact volume — 25-50 VIPs per KAM could all flag on day 1 if KAMs haven't been logging contact; dismiss/cap rule needed,Ren,Andy Geissler / Thomas,2,2,Open,,Thomas: most KAMs don't log contact so day-1 flood is likely; cap or suppress logic needed
Dep8,NBA Queue,Dismiss cooldown rule — Dismiss removes card from queue; proposed 15-day cooldown before signal can re-fire for that VIP even if criteria still met,Ren / Noelle,Andy Geissler,2,2,Open,Proposed: 15-day suppress on dismiss; Defer stays 24h,Noelle's working answer is no-return; Andy to confirm; 15-day rule avoids permanent burial
Dep9,NBA Queue,Post-suspension bonus hold — no bonus for 72 hours after suspension lifted; source field for suspension lift date and whether hold also applies in Onboarding and Campaign Manager,Ren,Andy Geissler,3,1,Open,,Candidate for RULE-004 in 00_Shared_Rules
Dep10,NBA Queue,Insights object in ACI3 build org — in prod by ~Oct 15 but not yet in ACI3; Big Loss card and Player Awareness Big Swings tab cannot be wired until available,Ren,Thomas / Andy Geissler,3,1,Open,,Affects NBA Queue Big Loss and Player Awareness Big Swings / Losing Streaks
Dep11,Player Awareness,Payment Alerts data source — expected on Insights object pending Data API and location confirmation; tab must show placeholder until source is confirmed,Ren,FanDuel Platform,3,1,Open,,Databricks table named in tracker but not confirmed; blocks Payment Alerts tab build entirely
Dep12,Player Awareness / VIP Playbook,Losing Streaks threshold — working default is 3+ consecutive losing sessions; period window and segment variance unconfirmed. Rules to come from Commercial and Ivan (Product),Ren,Andy Geissler / Ivan (Product),2,2,Open,,Tier change history source also needed for VIP Playbook Promotions/Demotions cards
Dep13,Player Awareness,Average stake baseline per VIP for percent-vs-average display on Big Swings rows — pre-computed or derived?,Ren,FanDuel Platform,1,3,Open,,Nice-to-have context field; display degrades gracefully without it
Dep14,Player Awareness,RULE-003 (RG Welfare Gate) — who defines and maintains the RG loss threshold behind the Welfare Check badge on Big Swings rows; this rule is scoped to Player Awareness only,Ren,FanDuel Compliance / RG team,2,2,Open,,Threshold owner unclear; RULE-003 is not a universal gate — isolated to Player Awareness Big Swings tab
Dep15,Last Contact Tracker,Cadence threshold values — two sources disagree: intent card holds ≤14d In Cadence / 15-29d Due Soon / 30+ Overdue; User Stories sheet shows ≤14 / 15-19 / 20+. Andy to confirm,Ren,Andy Geissler,2,2,Open,,One universal threshold for MVP; segment-specific variation out of scope until confirmed
Dep16,Last Contact Tracker,Send Email delivery mechanism — Salesforce email action or external client? Does a send auto-log as qualifying contact? Affects Onboarding Send Email too,Ren,Thomas / FanDuel CRM,2,2,Open,,Until resolved: Send Email does not assumed to update Last Contact
Dep17,Tasks & WPC,WPC Task identification — how to distinguish WPC Tasks from ad hoc Tasks (Task type / Record Type / custom field). Blocks filtering and status management,Ren,Thomas,2,1,Open,,WPC automation exists; field to identify WPC Tasks not confirmed
Dep18,Tasks & WPC,Task Urgent trigger — what marks a Task as Urgent: Task Priority = High / custom flag / specific task type?,Ren,FanDuel Product,1,3,Open,,Inline red Urgent label in prototype; trigger rule unconfirmed
Dep19,Tasks & WPC,WPC status field — is WPC status Task.Status or a custom field? What moves a row from Not Started to In Progress — KAM manually or an automatic trigger?,Ren,FanDuel CRM,2,2,Open,,
Dep20,Upcoming Events,Event vs. Bonus Campaign distinction — how to tell event Campaigns from bonus Campaigns in the same Salesforce Campaign object (Record Type or Splash event type?),Ren,Thomas / Clay,2,1,Open,,Affects Campaign Manager audience selection too
Dep21,Upcoming Events,Ticket assignment write timing — does assigning a ticket write to Ticket Manager immediately or does the console show a stale count until the on-demand API pull arrives?,Ren,FanDuel Events / Thomas,2,2,Open,,Daily batch confirmed today; on-demand API coming but timing unknown
Dep22,Campaign Manager,KAM-issued bonus as qualifying 1:1 contact — does a bonus delivered through Campaign Manager count as a qualifying contact for Last Contact cadence? Open across VIP Playbook / NBA Queue / Last Contact Tracker,Ren,FanDuel Product,3,1,Open,,Must be one answer applied consistently; no per-card resolution (RULE-001 open item)
Dep23,Campaign Manager,ACE bonus issuance integration — live bonus issuance through ACE not confirmed; blocks Campaign Manager Send and Bulk Bonus for SBK and DFS,Ren,FanDuel Technology,3,1,Open,,Casino and Racing have no bulk path today; DFS uses AdminWeb CSV
Dep24,Campaign Manager,Campaign Performance data source — redemption rate and GGR lift vs. baseline BI/data-warehouse integration not confirmed; blocks KAM Director Campaign Performance view,Ren,FanDuel Data / BI,1,3,Open,,Low priority; KAM Director view only
Dep25,Birthdays,Send Celebration bonus path — which component issues Profit Boost / Bonus Credit from a birthday celebration: Bonus Bet Credit or a different flow?,Ren,FanDuel Product / Noelle,2,2,Open,,Same question as Campaign Manager bonus-as-contact; resolve together
Dep26,Birthdays,Gift fulfillment — a Gift is not a bonus; how is it recorded / fulfilled and what does the offer amount mean for it?,Ren,FanDuel Product,2,2,Open,,
Dep27,VIP Feedback Pulse,Updated user stories pending — Noelle's revised Feedback stories not yet delivered; component is On Hold and must not be built until stories arrive,Ren,Noelle Sierchio,2,1,Open,,Prototype Feedback component is complete; Salesforce build blocked pending stories
Dep28,VIP Feedback Pulse,Request Feedback action definition — who is asked (VIP or colleague) through what channel and where the response lands,Ren,Noelle Sierchio,2,2,Open,,
Dep29,VIP Feedback Pulse,Incidents_Insight__c API name — prototype and CSV currently use Insights__c; confirmed correct name is Incidents_Insight__c from Salesforce URL; CSV needs updating,Ren,Thomas,2,1,Open,Update CSV stories to Incidents_Insight__c before data mapping sheet is locked Oct 9,Confirmed from SF URL: Incidents_Insight__c/a3kOt000002DZ21IAG/view
Dep30,Onboarding & Offboarding,KYC status source of truth — no single KYC status field today; KYC data sits on Contact and Preference object with a percent-completeness formula; future KYC project planned,Ren,FanDuel Compliance / Ops,2,2,Open,MVP: display KYC status pill only; no gate on bonus actions,Send KYC Form delivery mechanism also unconfirmed
Dep31,Onboarding & Offboarding,Demotion two-bucket definition — Action Required vs. awareness-only buckets; criteria owner (Commercial); appeal window meaning (30 days); Sportsbook-only for MVP?,Ren,FanDuel Product / Commercial,2,2,Open,Keep existing demotion flow; two-bucket structure needs Commercial input,
Dep32,Bonus Bet Credit,Required fields and Wallet→Bonus Bet Label dependency — read from mockup but not confirmed; which fields are required and whether BBL is disabled until Wallet is chosen,Ren,Noelle Sierchio,1,3,Open,,
Dep33,Bonus Bet Credit,CSV column confirmation — stories say CSV must contain VIP ID / credit amount / expiry date; confirm these match what fd_massBonusBetUploader requires,Ren,FanDuel VIP Technology / Bryce,2,2,Open,,
Dep34,Agentforce Companion,Sub-agent name-to-bot mapping — VIP HVP Report Agent has no confirmed ACEI3 bot match; VIP Events Agent and BetExplain close matches; Promo Coach dual-instance routing unresolved,Ren,FanDuel VIP Technology / Bryce / Andy,3,1,Open,,Blocks sub-agent routing wiring; cannot scope accurately until confirmed
Dep35,Agentforce Companion,Quick Prompt Prebuild labels — TBD in refinement; Thomas gathering most common prompts per sub-agent,Ren,Thomas / FanDuel Product,1,3,Open,,Not blocking structure build; needed before UI finalization
Dep36,Agentforce Companion,DataPoints API / Insights object access — same underlying dependency as NBA Queue and Player Awareness; blocks BetExplain data source and any Agentforce response that reads live VIP data,Ren,Andy Geissler / FanDuel Technology,3,1,Open,,Shared across NBA Queue / Player Awareness / Agentforce Companion
Dep37,VIP OOO Calendar,VIP Contact link on OOO Event — Name and Related To columns currently empty on all existing OOO rows; list cannot filter to a KAM's book without a Contact link,Ren,Thomas / FanDuel CRM,2,1,Open,,Without this the component cannot scope to a KAM's assigned VIPs
Dep38,VIP OOO Calendar,OOO vs. KAM time-off distinction — some OOO subjects read as KAM entries not VIP entries; scope of the list needs clarification,Ren,FanDuel Product,1,3,Open,,
Dep39,All Components,Data mapping sheet (API names) — Thomas and Clay; due Oct 9; blocks final field wiring across all components,Ren,Thomas / Clay,3,1,Open,,All intent cards depend on this; priority dependency to close first
Dep40,All Components,Holistic action set per component — Thomas and Andy to finalize universal vs. component-specific menu actions; pending confirmation,Ren / Thomas,Thomas / Andy Geissler,2,2,Open,,Prototype uses universal 5-item menu (Log Contact / Bonus / Log Feedback / Send Email / View Profile) on list views; NBA cards use card-specific actions — confirm if universal menu applies to all list views
